team,elo_rating
Mist,1552.2685080353547
Laces,1551.9228012826677
Phantom,1541.3577703120857
Breeze,1513.209670302206
Vinyl,1477.2244549862635
Rose,1476.6887927853684
Hive,1450.304793258684
Lunar Owls,1437.0232090373702
