team,elo_rating
Laces,1578.179846479964
Phantom,1557.1226848813837
Mist,1520.487673087005
Breeze,1493.6913546974533
Rose,1493.392857051357
Vinyl,1475.2831693008611
Hive,1455.0603302828504
Lunar Owls,1426.7820842191254
