team,elo_rating
Mist,1552.2685080353547
Laces,1551.9228012826677
Phantom,1528.957808965368
Breeze,1497.4389677847018
Rose,1492.4594953028725
Vinyl,1477.2244549862635
Hive,1450.304793258684
Lunar Owls,1449.4231703840878
