team,elo_rating
Laces,1578.179846479964
Phantom,1569.4220280149552
Mist,1535.2424340573054
Breeze,1493.6913546974533
Rose,1478.6380960810566
Vinyl,1462.9838261672896
Hive,1455.0603302828504
Lunar Owls,1426.7820842191254
