team,elo_rating
Laces,1567.9387216617192
Phantom,1541.3577703120857
Mist,1536.2525876563031
Breeze,1513.209670302206
Vinyl,1491.9872335668497
Rose,1476.6887927853684
Lunar Owls,1437.0232090373702
Hive,1435.5420146780978
