team,elo_rating
Laces,1546.4668470435593
Phantom,1530.5877931718815
Mist,1526.3529826471336
Breeze,1514.5986509937757
Rose,1494.5343091476132
Vinyl,1469.4292102783634
Lunar Owls,1459.1027589233336
Hive,1458.92744779434
