team,elo_rating
Laces,1578.179846479964
Phantom,1541.3577703120857
Mist,1536.2525876563031
Breeze,1493.6913546974533
Vinyl,1491.9872335668497
Rose,1476.6887927853684
Hive,1455.0603302828504
Lunar Owls,1426.7820842191254
