"team","elo_rating","season"
"Lunar Owls",1616.51729262239,2025
"Rose",1562.05854671302,2025
"Laces",1474.03485445273,2025
"Mist",1462.19716134087,2025
"Vinyl",1455.01531740114,2025
"Phantom",1430.17682746985,2025
